,chi_x,t_x,chi_1,t_1,chi_2,t_2,chi_3,t_3,chi_4,t_4,chi_5,t_5,chi_6,t_6,chi_7,t_7,chi_8,t_8,chi_9,t_9,chi_10,t_10,chi_11,t_11,chi_12,t_12,chi_13,t_13,chi_14,t_14
0,0.0,-20.0,0.0,0.0007937902398598273,0.0,0.0001240683253865215,0.0,2.0368165388191246e-05,0.0,3.657866349659307e-06,0.0,7.142969583123891e-07,0.0,1.5017025216488752e-07,0.0,3.36872538179281e-08,0.0,8.004003688365933e-09,0.0,2.002012593486804e-09,0.0,5.245167680439586e-10,0.0,1.433370230046097e-10,0.0,4.07116632622012e-11,0.0,1.1981730099717056e-11,0.0,3.6443415388695484e-12
1,0.0,-19.607843137254903,0.0,0.0008257761701454912,0.5,0.00013162261421688514,0.0,2.203390211738475e-05,0.0,4.034544262623509e-06,0.0,8.032119480455606e-07,0.0,1.7213843785839208e-07,0.0,3.936047590428049e-08,0.0,9.531501196260595e-09,0.0,2.42962331548876e-09,0.0,6.486475178145901e-10,0.0,1.8061110034008776e-10,0.0,5.2263839452950515e-11,0.0,1.5669618973090163e-11,0.0,4.854837967587783e-12
2,1e-06,-19.215686274509803,398.9420809303426,0.0008597332858055598,0.4999997500000625,0.0001398019706788689,0.00039894208093034245,2.3873157402782563e-05,2.499998750000312e-07,4.458648479140632e-06,1.3298069364344738e-10,9.052826745798525e-07,6.249996875000815e-14,1.9784840524070516e-07,2.659613872868951e-17,4.6128717754738584e-08,1.0416661458334665e-20,1.138897755019592e-08,3.7994483898127815e-24,2.9595872654672423e-09,1.3020826822918265e-27,8.054275122792342e-10,4.221609322014224e-31,2.2858340254099888e-10,1.3020826822918302e-34,6.741266710601108e-11,3.837826656376589e-38,2.059663613445701e-11,1.0850689019098576e-41,6.502319484194891e-12
3,0.01,-18.823529411764707,3.9695254747701174,0.0008958267887224097,0.49750623959634116,0.0001486723084557587,0.03969525474770119,2.5908040629477793e-05,0.002487531197981707,4.937279187034205e-06,0.00013231751582567066,1.0227762311953686e-06,6.218827994954263e-06,2.2803082012583508e-07,2.646350316513414e-07,5.423129217922132e-08,1.036471332492379e-08,1.3656338095981658e-08,3.7805004521620314e-10,3.6191399964904836e-09,1.2955891656154776e-11,1.0043371615796944e-09,4.200556057957808e-13,2.9062375026855606e-10,1.2955891656154778e-14,8.738082107741777e-11,3.818687325416187e-16,2.7215375785397778e-11,1.0796576380128943e-17,8.757605004348423e-12
4,0.413939393939394,-18.431372549019606,0.5041454927328453,0.0009342395392964348,0.40652214365997624,0.0001583080478528767,0.20868567971911114,2.8164012390883357e-05,0.08413776488477691,5.47877507945515e-06,0.028794407928919775,1.158407758961752e-06,0.008706983850954943,2.635779488040294e-07,0.0023838279533881465,6.396615501701942e-08,0.0006006939363840631,1.6435004228752622e-08,0.00014096575689732515,4.44351984131333e-09,3.1081360496236015e-05,1.2578787526879834e-09,6.483475552920749e-06,3.712612265680663e-10,1.2865799526623755e-06,1.1384291196337035e-10,2.4397872190880855e-07,3.6157477949188155e-11,4.4380510488303226e-08,1.1863586473641335e-11
5,0.817878787878788,-18.03921568627451,0.29306602327908543,0.0009751743684212854,0.33217724750545574,0.00016879342253175373,0.23969248388795508,3.0670476602171536e-05,0.13584036227533716,6.092961209102342e-06,0.06534646606197887,1.3154407723975892e-06,0.02777523771069206,3.0558374546021915e-07,0.010689097690986726,7.57058892574335e-08,0.0037861296253110023,1.9854312752188505e-08,0.001248912323288882,5.4785498897938405e-09,0.0003870743885876661,1.582628684443072e-09,0.0001134954330153768,4.76617899740033e-10,3.165799317570041e-05,1.4910645507672805e-10,8.438682471308609e-06,4.831009709771082e-11,2.1577000904347335e-06,1.6167958396448744e-11
6,1.221818181818182,-17.647058823529413,0.19592611496946513,0.0010188567500705016,0.2714285690980538,0.00018022402037825525,0.239386089562692,3.3461492698836445e-05,0.16581818039444743,6.791453064080501e-06,0.09749542556735091,1.497812690613586e-06,0.05064991692048576,3.553950041437731e-07,0.023824336720458122,8.991850282244249e-08,0.010314164900171646,2.4080005670491494e-08,0.004158429682116324,6.784130220486706e-09,0.0015752542756625775,2.000688278849829e-09,0.0005645383326024589,6.150183820388661e-10,0.00019246743149913678,1.9637109126528009e-10,6.270574537336411e-05,6.492752913197392e-11,1.9596683934457595e-05,2.2171903772085294e-11
7,1.625757575757576,-17.254901960784313,0.13878847397428531,0.0010655379001623419,0.22178962790462314,0.00019270860668895847,0.22563641299152754,3.657663553901612e-05,0.18028808389519752,7.588031180297933e-06,0.12227670259591364,1.7102926224339486e-06,0.0732761795528587,4.146769506119144e-07,0.039758455116792546,1.0719463265006012e-07,0.019854884005105395,2.932555678359241e-08,0.009233944229506148,8.438989565558498e-09,0.004034903510886005,2.5416968056429313e-09,0.0016680171983602847,7.978522201024347e-10,0.0006559774950273763,2.601024937813638e-10,0.00024652650879346933,8.779535460594466e-11,8.887169850560283e-05,3.060306886439145e-11
8,2.0296969696969698,-16.862745098039216,0.10149657032192647,0.001115498381117837,0.18122867172578674,0.0002063712891132535,0.20600728121704953,4.0062037762048775e-05,0.18391964291201815,8.499104663946104e-06,0.13937745147391895,1.9586806332826887e-06,0.093325285471568,4.854977809748777e-07,0.05657879818013996,1.2828332383006637e-07,0.03157034151962436,3.586737150296527e-08,0.016405402173618064,1.0547190805228112e-08,0.008009778314334998,3.2456429380921925e-09,0.0036997772309391866,1.0408024252510707e-09,0.001625742277255026,3.465756152148544e-10,0.0006826751485628291,1.1947363727164226e-10,0.0002749803478043978,4.2525810357499524e-11
9,2.4336363636363636,-16.470588235294116,0.07573991283229962,0.0011690523085452294,0.14808551583673196,0.00022135409799553193,0.18432340604733283,4.3971658542588946e-05,0.18019314813405976,9.544287329116385e-06,0.14952538120869996,2.2500606417100026e-06,0.10963114944429049,5.704382006011158e-07,0.07277808099921632,1.5413935555148038e-07,0.04446705864581296,4.406530858443284e-08,0.0253021977707665,1.3247095168291193e-08,0.01352708136305015,4.166818120117277e-09,0.006841816508317369,1.365608161412823e-09,0.003291999709898659,4.6466991178903933e-10,0.0015136812225426124,1.6366009027907944e-10,0.0006676275169241444,5.95091196183723e-11
10,2.837575757575758,-16.07843137254902,0.05731451035113396,0.001226552277647055,0.12100359061181988,0.0002378200737868982,0.16263426512970255,4.836883457339551e-05,0.17167842764986083,1.0747117199088818e-05,0.15382901602773077,2.5931230298326954e-06,0.1217876360994922,6.727341438927677e-07,0.08730029733840429,1.8598621245695142e-07,0.057596940628062886,5.439056266577302e-08,0.03538874390808735,1.6723797364056904e-08,0.020429460304590176,5.379415074606092e-09,0.011157582422738382,1.8026127057674886e-09,0.0057970141300661355,6.270425240159569e-10,0.002878225945083258,2.257368210254433e-10,0.0013707888968166491,8.388457717198725e-11
11,3.2415151515151517,-15.686274509803923,0.04381773920603415,0.001288395153390735,0.09887441630075383,0.00025595697618382236,0.14203586554149922,5.3328184593787875e-05,0.1602514592680551,1.213595948017063e-05,0.15347047007044615,2.9985783918299805e-06,0.12986438331745348,7.964638008149835e-07,0.09949537080870074,2.2540039237319042e-07,0.07015956102761613,6.746379761928997e-08,0.046073678854574536,2.1226496143380447e-08,0.028427910011833694,6.9855145283559826e-09,0.016594280899238516,2.394475075157829e-09,0.009214950102926825,8.518731098271638e-10,0.0048900557239436515,3.136004374815152e-10,0.002489200031591116,1.191461086659011e-10
12,3.6454545454545455,-15.294117647058822,0.03376244000997834,0.0013550289016941706,0.08079223227496371,0.00027598175912708,0.12307944040001194,5.8937959055163744e-05,0.14726220519209296,1.374514563311541e-05,0.14956016848607515,3.479691135882632e-06,0.13420941882279383,9.467941824134378e-07,0.10904295920530205,2.7442500808493056e-07,0.08154238931506112,8.410765756944072e-08,0.056787307326397536,2.7092935668618942e-08,0.037157384221976696,9.126566351144875e-09,0.02300172751301558,3.2016203632473484e-09,0.013545555520920608,1.1654807881137629e-09,0.007622886555966332,4.3893348349646727e-10,0.004114975578703913,1.7057517867574273e-10
13,4.04939393939394,-14.901960784313726,0.026175822082251863,0.0014269606808055134,0.06601692369153254,0.0002981459938028676,0.10599621529852474,6.530295322246229e-05,0.13366426534696202,1.5616418010878235e-05,0.14307347727618033,4.052971678719117e-06,0.1353148165023829,1.1303082240601419e-06,0.11587217435403631,3.357238919476204e-07,0.09132383297582534,1.0541959413703068e-07,0.06703029722480461,3.4784056545284183e-08,0.04622577197181645,1.2000025859224272e-08,0.03015911992643315,4.310310428353484e-09,0.01871863608664799,1.6062835549230604e-09,0.01110237794977758,6.191696774666396e-10,0.006316594293582744,2.4622787655918193e-10
14,4.453333333333334,-14.509803921568627,0.020395690721433074,0.0015047664652809423,0.05394372814036211,0.0003227424710885883,0.09082880934611529,7.254813741429568e-05,0.12011470132587299,1.7800772351360404e-05,0.1348303214293445,4.739079850487244e-06,0.13372770080947194,1.3554415839536572e-06,0.12008887295306948,4.127921121608054e-07,0.09925567126747475,1.3287362429325005e-07,0.07639939726919089,4.4933509350884414e-08,0.05525232367222759,1.5883660605289856e-08,0.037803553611718124,5.844699078392868e-09,0.024605701475365355,2.2308435684458816e-09,0.015304711401592593,8.805604854844061e-10,0.009131449214191154,3.58508812017241e-10
15,4.857272727272727,-14.117647058823529,0.015957705652128274,0.0015891025429203396,0.04407848234913328,0.00035011327922841197,0.07751092845392854,8.082320532586267e-05,0.10705060508700871,2.0360821547110277e-05,0.12549723961495157,5.564011486232219e-06,0.12999349613179265,1.6330699284725324e-06,0.12191486386594298,5.102456602154406e-07,0.10523564391396487,1.6846361945130004e-07,0.08459624904360176,5.841898834200336e-08,0.06389477789003573,2.1171372277079943e-08,0.045656339256562005,7.985002677005253e-09,0.031035436206041926,3.123184911449878e-09,0.02016048104527365,1.2630076306589833e-09,0.012562298155218322,5.26706509399923e-10
16,5.261212121212122,-13.725490196078432,0.01252879962730236,0.0016807193123116674,0.03601739577856717,0.0003806597370412066,0.06591667246340106,9.030830485054573e-05,0.09474757962234595,2.33738469006328e-05,0.11560053205147158,6.5606673921330824e-06,0.12462177859114928,1.9773042213839474e-06,0.12163978408955453,6.342231403345811e-07,0.10927693534846128,2.149067183009457e-07,0.09142467235336994,7.646588483526135e-08,0.07186614210302972,2.842646631099727e-08,0.0534449549292663,1.0995148008818317e-08,0.037810301793721274,4.409297478349641e-09,0.025562294971953798,1.8277569819416966e-09,0.01657733484198456,7.811214066715286e-10
17,5.665151515151516,-13.333333333333332,0.00986579938099296,0.0017804779214755234,0.029430523228880092,0.0004148546747347951,0.05589124831141315,0.00010122130171026461,0.08336418663089597,2.693576232660125e-05,0.10554413001837058,7.770942435714656e-06,0.11806768705034855,2.4065757840053073e-06,0.11958469761778413,7.929472304087784e-07,0.11147855603061953,2.7593454697937606e-07,0.09678077584261803,1.0079925564927642e-07,0.07894286382547092,3.8461614888810836e-08,0.060919750989149576,1.5265256108777212e-08,0.04472232846112663,6.2799462984724225e-09,0.0313745108744395,2.66977950003642e-09,0.021113230570221284,1.169861679034696e-09
18,6.069090909090909,-12.941176470588236,0.007788644800853211,0.0018893704349466104,0.02404825998111372,0.00045325770326624677,0.047269993354996445,0.000113827043321738,0.07297553801541604,3.116629967564722e-05,0.09562862898119885,9.248527615750254e-06,0.11072379358884486,2.9451283669628767e-06,0.11607576855972422,9.975160495063968e-07,0.11199879484835279,3.5671385829909807e-07,0.10063919881879475,1.3386871693150478e-07,0.08496635845540941,5.246007157301733e-08,0.06786538296103765,2.1377595768741392e-08,0.05156685536802847,9.026927693049746e-09,0.03744374352461888,3.9379171019615566e-09,0.026080327760375624,1.7701606025197e-09
19,6.473030303030304,-12.549019607843137,0.006162480738470503,0.00200854440907237,0.01965030671122193,0.0004965343129412253,0.03988992456196017,0.00012844925128242406,0.06359851540278968,3.621583978732319e-05,0.0860695634917203,1.1062697416321449e-05,0.10291877935749927,3.6250868488815847e-06,0.1114261785300993,1.2630283785505234e-06,0.11103272958866375,4.6445975794704105e-07,0.10303786145374247,1.79184521068374e-07,0.08983977790694876,7.216130856662678e-08,0.07410746661661252,3.0210072979647516e-08,0.058153560480919214,1.3101345008168485e-08,0.043609079735467356,5.868044626877059e-09,0.031369146601841286,2.707450892401955e-09
20,6.876969696969698,-12.156862745098039,0.004885359353082544,0.0021393330093825076,0.01605665250410401,0.0005454799120884146,0.03359646822995615,0.0001454858939081564,0.05521055635274793,4.227447922100278e-05,0.07701396464753779,1.330347035515851e-05,0.09492033074767134,4.489350258281015e-06,0.10592454022492266,1.6101983164400212e-06,0.10879403969634613,6.093384019631215e-07,0.10406283618460585,2.418249327992933e-07,0.09352166427533637,1.0014837052706864e-07,0.07951521900247281,4.310044088646422e-08,0.06431456512316618,1.9208370722255698e-08,0.049711250138901444,8.838318734228476e-09,0.036857442952149794,4.187915614021285e-09
21,7.280909090909091,-11.764705882352942,0.0038796088455642637,0.0022832921419522825,0.013120206896837665,0.0006010502850048546,0.028247079312840172,0.00016542920205089398,0.047763516834896755,4.9584159573900804e-05,0.06855480552016269,1.6088700486800315e-05,0.08694045598424732,5.595674403831413e-06,0.09982826134745144,2.0676946486776647e-06,0.105500926057248,8.05809370499596e-07,0.1038343565106154,3.292104333355679e-07,0.09601783145369308,1.4029767348928938e-07,0.08400094558520398,6.210990820737438e-08,0.06990971019205713,2.8463214673256737e-08,0.05560029530511556,1.3462385449007773e-08,0.042417187040014036,6.55476146568416e-09
22,7.6848484848484855,-11.372549019607844,0.003085664936805272,0.0024422465242404582,0.01072077937613886,0.0006644004550328249,0.023712867514358096,0.00018889193128954155,0.0411937825725578,5.8455029186393836e-05,0.06074326466304255,1.957390970684682e-05,0.07914199439697472,7.0224883705502615e-06,0.0933605570821067,2.675564573219864e-06,0.1013657059549131,1.07464322117746e-06,0.10249453366243393,4.522983409159753e-07,0.09737251147790137,1.9849134556131728e-07,0.0875172179690009,9.04514866344662e-08,0.07482929972968433,4.265108870175348e-08,0.06114150544611196,2.0748691100774604e-08,0.0479209858874948,1.0386821679305991e-08
23,8.08878787878788,-10.980392156862745,0.0024575953238658325,0.0026183472347147533,0.008760159907199852,0.0007369346419364139,0.01987896726665174,0.0002166421001270766,0.035429537636800866,6.928770825669865e-05,0.05359891648977116,2.396604882725596e-05,0.07164550364690343,8.877264572453645e-06,0.08671005320372496,3.4902977618596424e-06,0.09658754691145416,1.4459878233921578e-06,0.10019703247476315,6.274478140812019e-07,0.09765952233740326,2.837591938678177e-07,0.09005250464137553,1.33194911184987e-07,0.07899471605310024,6.466624214231614e-08,0.06621960072705897,3.237650020448285e-08,0.05324762514155052,1.66737640972746e-08
24,8.492727272727274,-10.588235294117647,0.001959810957383062,0.002814144119034401,0.007158099136944478,0.0008203709884971988,0.016644139967156905,0.00024964933536083,0.03039589188060698,8.260386887561697e-05,0.047118047143387805,2.9542948907310888e-05,0.06453600498832511,1.1308690873724771e-05,0.08003214480245985,4.592400433714506e-06,0.091347781606202,1.964083464497101e-06,0.09709873983695841,8.79367267490774e-07,0.09697397451876584,4.1013289412858224e-07,0.09162590177342073,1.9844215902560575e-07,0.08235735181402835,9.926363635037164e-08,0.070741254079942,5.118091769080344e-08,0.05828654398838276,2.7131975675943872e-08
25,8.896666666666668,-10.196078431372548,0.0015646232732869335,0.0030326775871298635,0.005849023738963163,0.0009168261270569811,0.013919931721342762,0.0002891472669455913,0.026018407265487823,9.908864774649201e-05,0.04128033084918201,3.668110438531487e-05,0.057869274159655835,1.452456906028942e-05,0.0734514686909779,6.097856678162302e-06,0.08580727374006746,2.694602705396271e-06,0.09335331901724761,1.2458324277004386e-06,0.09542483900510006,5.996969540772405e-07,0.09228148461371623,2.993149658071498e-07,0.08489629843487081,1.5436435838112136e-07,0.07463614619212397,8.201777378535751e-08,0.06294117236740829,4.478272080405514e-08
26,9.30060606060606,-9.803921568627452,0.0012504130447757796,0.00327759594761715,0.0047793524571885255,0.0010289266546546453,0.011629599142502509,0.00033671834314544875,0.022225437214550045,0.00011965008154931975,0.03605410675572594,4.5895796593974845e-05,0.051677509014315906,1.881844244609702e-05,0.06706500876040855,8.175686327965833e-06,0.08010535892259511,3.736223905037561e-06,0.08910646099023628,1.7853405692828764e-06,0.09312854833531402,8.876791752972462e-07,0.09208267679166104,4.573638872299474e-07,0.08661519410628671,2.433565387229838e-07,0.0778567910768503,1.3332953637654678e-07,0.06713114993712493,7.502697760625478e-08
27,9.704545454545455,-9.411764705882353,0.0010002468593143013,0.0035533066981001784,0.0039053029923388784,0.0011599574780851957,0.009706941111981978,0.00039441030710065576,0.01894959520146251,0.00014550331392043035,0.031400483748608356,5.7899717046495736e-05,0.045974301994457345,2.460969956700969e-05,0.06094548436661711,1.107519146731988e-05,0.07435995057436852,5.239127919885051e-06,0.08449260332644651,2.589703334969902e-06,0.09020369004333904,1.3310680308525411e-06,0.09110692328381975,7.085037821273403e-07,0.08753858101933128,3.8921381137926237e-07,0.08037738893014693,2.2002553389202275e-07,0.0707935115440425,1.2767611765053918e-07
28,10.10848484848485,-9.019607843137255,0.0008008246609555686,0.0038651734303950017,0.003191099965651559,0.001314061229486003,0.008095123951562378,0.0004648979019609334,0.016128592826394658,0.0001782912902095145,0.02727647927032504,7.36896793951509e-05,0.04075890905324796,3.250476080197199e-05,0.05514477548481832,1.5168814529545049e-05,0.06866846910092152,7.434979386424864e-06,0.07963287535162634,3.805069849639541e-06,0.08676677243441434,2.0234226020296745e-06,0.08944085710368872,1.113509886888003e-06,0.08770806045052106,6.319854634622955e-07,0.08219195898801243,3.6886666441015534e-07,0.07388296667950718,2.208527419027499e-07
29,10.512424242424244,-8.627450980392156,0.0006416743898588454,0.004219774690057848,0.0026075106107663953,0.0014965092462589133,0.006745553411694916,0.000551709978425971,0.013705628878499547,0.00022025989062859309,0.023637373071223055,9.467655444178807e-05,0.03601984632000211,4.339171192964173e-05,0.04969721874023023,2.1020518219970654e-05,0.0631093176104643,1.0686245890221015e-05,0.07463403529512243,5.667563276954445e-06,0.08292899004638699,3.120727944588536e-06,0.08717607132737666,1.7768800114799626e-06,0.08717847253633978,1.042644745773714e-06,0.08331198596192928,6.287027322562236e-07,0.07637142400904443,3.886129261636006e-07
30,10.916363636363638,-8.23529411764706,0.0005145325143610597,0.004625247981653955,0.0021306482587332854,0.0017140740798627615,0.005616824029497825,0.0006595524097679539,0.011629465586758772,0.0002745153905112955,0.020438431195821175,0.00012288266130681423,0.03173786881040893,5.858878064924941e-05,0.0446226694180765,2.9496522887201165e-05,0.05774368616293792,1.556858778393251e-05,0.06958818368470938,8.56465502493152e-06,0.07879388448233621,4.887274346128026e-06,0.08440554643292833,2.881299742956493e-06,0.08601426953308129,1.7491300460584589e-06,0.08376378525343843,1.09027327869574e-06,0.0782469203449423,6.961018868323066e-07
31,11.320303030303032,-7.843137254901961,0.0004128653821715839,0.005091752289125157,0.0017409946420539743,0.001975547958780055,0.0046737612369042,0.0007947732978171275,0.009854293461092473,0.00034540821628665445,0.017636131164346498,0.00016124600467646197,0.027888397032275122,8.008082402735855e-05,0.03992926981251467,4.1947455083223604e-05,0.05261751757245969,2.3010720039606388e-05,0.06457306200805667,1.3142618187956783e-05,0.07445578045281728,7.778447331197465e-06,0.08122073661397229,4.7517033388765535e-06,0.08428619970836053,2.9861705136977726e-06,0.08358575916496312,1.925183059891618e-06,0.07951211016427338,1.270225916968393e-06
32,11.724242424242425,-7.450980392156863,0.0003314978959405344,0.0056320978358245155,0.0014226010000649655,0.0022924740533589597,0.0038865616951331066,0.0009660426132453154,0.008339459498865689,0.0004391133904766548,0.015188997170171725,0.0002140963956519511,0.024443461212963143,0.00011090198534178869,0.035615897000845075,6.051286354470755e-05,0.04776351082472448,3.4535819616499176e-05,0.059652772942108086,2.049787588717618e-05,0.06999887249274958,1.259272168727967e-05,0.0777092856946182,7.976440438783217e-06,0.0820683750528631,5.192312357516142e-06,0.08282568219076532,3.4639904963544016e-06,0.08018246037361804,2.362837568177601e-06
33,12.128181818181819,-7.0588235294117645,0.0002663244241993833,0.006262615365723707,0.0011624352864166346,0.002680192729519301,0.0032300310393126993,0.0011853600313972048,0.007049113252765605,0.0005645221888167666,0.013058134574385084,0.00028791259778807504,0.02137323179662408,0.00015576514835824855,0.0316742860648857,8.863895863810481e-05,0.04320307354526698,5.268541253907143e-05,0.05487878576514809,3.252372063909851e-05,0.06549684138265982,2.0755646272373433e-05,0.07395332130230711,1.364053396262602e-05,0.07943576008055137,9.20223019801454e-06,0.08153812061934547,6.355447540853642e-06,0.08028427842686643,4.483208304284897e-06
34,12.532121212121213,-6.666666666666666,0.00021408302264535828,0.007004374023604199,0.000949848759451748,0.0031593616452636366,0.0026829143892489146,0.0014695733710764116,0.005951809893316138,0.0007346344604055001,0.01120753610927053,0.00039254673167273815,0.018647200753635018,0.00022211522350947,0.028090840202120722,0.0001319742854766692,0.03894816335188537,8.177683773606484e-05,0.05029111633761494,5.254973259408805e-05,0.061012888014415546,3.4859885013162215e-05,0.07002826287065328,2.3782696539479415e-05,0.07646209080982334,1.6634621804206046e-05,0.07978206168811956,1.1896895818339919e-05,0.07985268251341061,8.680552524857242e-06
35,12.936060606060607,-6.274509803921569,0.00017217860135874618,0.007884915514747856,0.0007761401227015555,0.0037582010783618618,0.002227312822243486,0.0018427052574363921,0.005020097833031319,0.0009687704356874238,0.00960421788573255,0.0005432391374987463,0.016235072454111665,0.00032192295603278043,0.024848148928729503,0.00019994686306540495,0.03500298020169562,0.0001292809436759645,0.045919594355780725,8.654192561478077e-05,0.05660008416023425,5.971024768655002e-05,0.06600207284356632,4.230628152954305e-05,0.07321821190049217,3.068792453494222e-05,0.0776188013118185,2.2731204696337388e-05,0.07892960221767953,1.7156344365426226e-05
36,13.340000000000002,-5.882352941176471,0.0001385440747875147,0.008940767529119984,0.0006341993755036188,0.0045158698842834525,0.001848177957665443,0.0023395824582299,0.004230109834609138,0.0012961479847597142,0.00821823131841901,0.0007639941051688274,0.014107416298421488,0.00047479505117045787,0.02192624115754192,0.00030859098044358854,0.03136548890349043,0.00020837210339385537,0.041785151005944175,0.00014539434022211608,0.0523019527465703,0.00010438009269479413,0.061934879379921697,7.682483216741634e-05,0.06977080496392483,5.77984946803832e-05,0.07511011735710514,4.4339279572388816e-05,0.07756187818489635,3.461070691296538e-05
37,13.743939393939396,-5.490196078431373,0.00011153108597136036,0.010221157935877825,0.0005182167963294935,0.00548763892005109,0.0015328764861306198,0.003011604580458891,0.0035611701208369964,0.0017617764733814808,0.007022587174591343,0.0010933395743429044,0.012236126578072876,0.0007134634876831162,0.0193036025032479,0.00048570242398109515,0.028028763684267453,0.00034272791086096573,0.03790107755561941,0.0002493757663259296,0.04815320367045265,0.0001863206535388948,0.05787890143215886,0.000142456047266385,0.06618147128707216,0.0001111438344859862,0.07231673758830767,8.827752450799863e-05,0.07579951086427164,7.123819620116797e-05
38,14.14787878787879,-5.098039215686274,8.982382742192223e-05,0.011793621372402668,0.0004234451473320181,0.006752981544481934,0.0012708166226286963,0.003936093978617603,0.0029954253088844336,0.002436351482966707,0.005993119846190769,0.0015943327970241187,0.010594728547060344,0.0010936415571448793,0.016957986629027567,0.0007803937472579495,0.02498215587904814,0.0005757017535858447,0.034274219901992996,0.0004368812378662568,0.0441805641545833,0.0003396801563484097,0.05387861208027779,0.0002697137285521132,0.0625061266439148,0.00021812229379970793,0.0692970975428102,0.00017926559542918112,0.07369409193815879,0.00014944651275462928
39,14.551818181818183,-4.7058823529411775,7.237094889215956e-05,0.013752662147871953,0.00034600536699900435,0.008428500491318183,0.001053128889924361,0.005231754664357266,0.002517503595251392,0.0034331753038308144,0.005108313376066441,0.002372239619516642,0.009158563647542969,0.0017119965649911742,0.014867049492853729,0.001281053932395482,0.022212292167609126,0.0009880704383881064,0.03090608587429992,0.0007818415564919184,0.040403654628059,0.0006322987113050037,0.04997108248383026,0.0005210451149356872,0.05879466360284916,0.0004364126317347516,0.06610637333212153,0.0003707632037122226,0.07129743790081858,0.00031895564220474484
40,14.955757575757577,-4.313725490196079,5.83316637239463e-05,0.016233485891728388,0.0002827277977948932,0.010689048230692924,0.0008723942216459529,0.0070847366835672275,0.002114204201874116,0.004937589197754796,0.0043491054964761985,0.003606232474273225,0.00790488137721933,0.0027393268547888138,0.013008833495338566,0.0021494391808239235,0.019703914923802142,0.0017326316896568543,0.027793851442811223,0.0014285344290919134,0.036835871861717086,0.0012005226289595796,0.04618645603058941,0.0010254980711593802,0.05509083696555112,0.0008883877594287573,0.06279576724335298,0.0007790563761066277,0.0686604335251971,0.0006905063501521731
41,15.359696969696971,-3.9215686274509807,4.703302621728368e-05,0.01943437980244688,0.00023102245014072317,0.013803017921414536,0.0007224130302652896,0.009793375439681522,0.0017742174136792155,0.00725888003959276,0.003698681743945127,0.005606791554188092,0.006812860458118065,0.0044821921067653,0.01136212615486949,0.0036855625772797196,0.017440578688920717,0.0031016040923439133,0.02493125923860906,0.002660912448928577,0.03348525045474713,0.0023200053982572405,0.04254850966422153,0.002050637663241603,0.05143232999393239,0.0018338649437689846,0.059412019541333204,0.0016566179457280074,0.06583208359602151,0.0015096534567920965
42,15.763636363636365,-3.529411764705884,3.7936015851346e-05,0.023654295990515672,0.00018877299255781507,0.01819257234693014,0.0005980095589657623,0.013846046494387218,0.0014878744049784153,0.010922479495003358,0.003142268409838278,0.008919774742622974,0.005863577768710391,0.007496903790150361,0.009906715313926508,0.00645003813964164,0.015405217955975494,0.00565605198157491,0.022309408252400756,0.005038066574880677,0.030355281745069893,0.004546350256183374,0.03907526657541702,0.0041476544251585375,0.04785096231450113,0.0038190840150693953,0.055997117555184564,0.003544455278115622,0.06285876413132192,0.0033120603965611857
43,16.16757575757576,-3.137254901960784,3.0608577370668056e-05,0.02935796652473458,0.00015425012892697804,0.024538169016081038,0.0004948664934718946,0.02005726730156674,0.001246925322521373,0.016832756613620995,0.0026669305076975776,0.014512233470558746,0.005039939903975972,0.01279542326149146,0.008623560204678115,0.011487634346615637,0.013580601701860116,0.010465060967756306,0.019917437558449855,0.009647302593990242,0.027445675856035717,0.008980619593480696,0.03577963118033587,0.008428046313420746,0.044373004362032585,0.007963473326782813,0.05258817251692735,0.007568014997758083,0.05978365913453344,0.007227717743688972
44,16.571515151515154,-2.745098039215687,2.4704164079837898e-05,0.037292194674295724,0.00012604081734150785,0.03396100029355513,0.00040938542935454943,0.029802073949920564,0.0010443436571420754,0.026551204918909603,0.0022613789484528207,0.024088641783069752,0.004326589184429662,0.0221951387345492,0.007494895101520658,0.02070693333342207,0.011949689704026305,0.019512211693294475,0.017743109676266626,0.01853482037287445,0.02475305799827204,0.017721975353310528,0.032670023426138575,0.017036272810356537,0.04101956756646984,0.01645061573722126,0.04921743529151014,0.015944964638771153,0.056646365453029666,0.015504218069722362
45,16.97545454545455,-2.352941176470587,1.9944641820108922e-05,0.048698547965651456,0.00010299043343837903,0.04833480279335382,0.0003385693606426307,0.0453961885945377,0.0008741547107249323,0.042729500876409296,0.0019157895973575304,0.04056724433239098,0.0037097933894015183,0.038831833152861664,0.006504279845719481,0.03742495446112842,0.010495904842468873,0.03626799096626321,0.01577330098170387,0.03530279990765805,0.022271594445843312,0.03448687541370907,0.02975099487185422,0.033788910225577125,0.03780704391702112,0.0331855322460974,0.04591242373901936,0.03265902902572195,0.05348264629261636,0.03219577596890176
46,17.379393939393943,-1.9607843137254903,1.6106653234761017e-05,0.06570304054948334,8.41555109174311e-05,0.0707716687322861,0.00027992387161212526,0.07060839274080974,0.0007312858882025008,0.06962157429318677,0.001621635745929151,0.0685801158160944,0.003177326383347718,0.06764258034930906,0.005636609290941134,0.06683086161869733,0.009203334481704966,0.06613385268051099,0.013994407621387706,0.06553415794783801,0.019993546939194803,0.06501526813714997,0.027023813666728187,0.06456321172356613,0.03474757285020305,0.06416660277561537,0.04269613667807703,0.063816270285711,0.05032431308345573,0.06350483423319127
47,17.78333333333334,-1.5686274509803937,1.3010731456144695e-05,0.09198133695856446,6.876512488911142e-05,0.10614785844183244,0.0002313741743951068,0.11093856280410834,0.0006114365688056826,0.11310985466791527,0.001371534689330993,0.11426783151970263,0.0027183450788152643,0.11495354797332072,0.004878091711720571,0.11539047933867613,0.008056872775266352,0.11568440406862952,0.012392675848585347,0.11589056251701747,0.017909756773352516,0.11604003600339431,0.02448700950081589,0.1161513687471613,0.03184951746194529,0.11623616181094942,0.03958733202631905,0.1163019622794394,0.04719921546096601,0.11635384398543086
48,18.18727272727273,-1.1764705882352935,1.0512601040799437e-05,0.13351459667215615,5.6189337447604494e-05,0.16063437281433407,0.00019119554220203028,0.17210934856411597,0.0005109654022621709,0.17840288422672365,0.001159108490089036,0.1823678538303812,0.0023232667812856807,0.18509173414181565,0.00421620444594932,0.18707724264033473,0.007042314428242621,0.18858829017566772,0.010954465733202875,0.18977656508722135,0.016010061642207037,0.19073539141282003,0.022136872874591557,0.19152531166646491,0.029117935746726758,0.19218730759442584,0.03660084948174211,0.19275010433281037,0.04413131989007686,0.19323443096892884
49,18.591212121212124,-0.7843137254901968,8.496220885438175e-06,0.19707784193383462,4.5913413927365676e-05,0.2364588575153967,0.00015795504470985365,0.25311031086795666,0.0004267930087663351,0.2622510040823562,0.0009788585806054786,0.2680157048847466,0.00198364983945632,0.27197973435282263,0.0036396335017410096,0.2748715858875131,0.006146409156590145,0.2770739318830965,0.00966645692490532,0.2788068715577045,0.014283649551740968,0.2802059087181586,0.01996790568349716,0.2813590049464827,0.026555035868147274,0.2823257369736357,0.03374796092529572,0.2831478859704605,0.041140858725926946,0.28385561745564525
50,18.99515151515152,-0.39215686274509665,6.8682159508582555e-06,0.27588271041787427,3.7516754498686196e-05,0.3163704203657359,0.00013046280262533279,0.3325808863025635,0.00035631821802964333,0.3412484502546359,0.0008260535676531677,0.34662866302394696,0.0016920796347704669,0.35028893284955853,0.0031382025354406797,0.35293865306387245,0.005356884839694547,0.35494485275290755,0.008515804663704059,0.35651625098450845,0.012719354897402006,0.3577802135236946,0.01797322220672135,0.3588188338195788,0.024160607345113577,0.35968739038486913,0.03103673445746901,0.3604244610452574,0.0382445331015429,0.3610577831071611
51,19.399090909090912,0.0,5.553417299457235e-06,0.31830988618379075,3.065567875961801e-05,0.3535533905932738,0.0001077312470482891,0.36755259694786135,0.0002973461495688586,0.37500000000000006,0.0006966294184131628,0.3796066898224944,0.001442061246738608,0.3827327723098717,0.0027027954835488178,0.38499145083226727,0.004662446203659868,0.3866990209613933,0.00749025361343483,0.38803490887166864,0.011305902220442948,0.3891083839660311,0.016144901197685434,0.3899897570566892,0.021932422498366577,0.39072630522305707,0.02847240055019914,0.3913509819879158,0.03545575482520027,0.39188745579248574
52,19.803030303030308,0.39215686274509665,4.491287403285559e-06,0.27588271041787427,2.50493586870848e-05,0.3163704203657359,8.894110054688222e-05,0.3325808863025635,0.0002480266045759079,0.3412484502546359,0.0005871011031049245,0.34662866302394696,0.0012279195915936045,0.35028893284955853,0.0023252761871458676,0.35293865306387245,0.004052754813668793,0.35494485275290755,0.006578216399566339,0.35651625098450845,0.01003210329822938,0.3577802135236946,0.01447429096672256,0.3588188338195788,0.019866604561796678,0.35968739038486913,0.02605771114808047,0.3604244610452574,0.032784914346298294,0.3610577831071611
53,20.2069696969697,0.7843137254901968,3.633053163297718e-06,0.19707784193383462,2.0468324174272852e-05,0.2364588575153967,7.341299517823697e-05,0.25311031086795666,0.0002068014031686421,0.2622510040823562,0.0004944847229768053,0.2680157048847466,0.0010447074217798903,0.27197973435282263,0.0019984075625613536,0.2748715858875131,0.00351839520235093,0.2770739318830965,0.005768823008410332,0.2788068715577045,0.008887013154483609,0.2802059087181586,0.012952270190903243,0.2813590049464827,0.017957960550922168,0.2823257369736357,0.023793284659504182,0.2831478859704605,0.030239663722655036,0.28385561745564525
54,20.610909090909097,1.1764705882352935,2.9394051405524516e-06,0.13351459667215615,1.672507067892038e-05,0.16063437281433407,6.058381213327749e-05,0.17210934856411597,0.00017235945565112875,0.17840288422672365,0.00041622914808656536,0.1823678538303812,0.0008881212678459985,0.18509173414181565,0.00171577222643975,0.18707724264033473,0.0030508311188794652,0.18858829017566772,0.005051946482836624,0.18977656508722135,0.007860050355367645,0.19073539141282003,0.011569467743320402,0.19152531166646491,0.01620027833244505,0.19218730759442584,0.02167793162616205,0.19275010433281037,0.027825205329787394,0.19323443096892884
55,21.01484848484849,1.5686274509803901,2.378650126520104e-06,0.09198133695856475,1.3666384547811684e-05,0.1061478584418328,4.998697200728572e-05,0.11093856280410878,0.0001435985003039687,0.11310985466791573,0.0003501562143164903,0.11426783151970311,0.0007544251816348421,0.11495354797332123,0.001471695957977837,0.11539047933867666,0.002642355147535084,0.11568440406863004,0.004418209653238308,0.11589056251701807,0.006941086633576162,0.11604003600339488,0.010316445159677562,0.11615136874716182,0.014586588392481033,0.11623616181095013,0.019708957448442973,0.11630196227944001,0.025544578748236468,0.11635384398543153
56,21.41878787878788,1.9607843137254903,1.9252269324957316e-06,0.06570304054948334,1.1167071888315759e-05,0.0707716687322861,4.123602728565556e-05,0.07060839274080974,0.00011959257200150523,0.06962157429318677,0.00029440857379845544,0.0685801158160944,0.0006403819828947267,0.06764258034930906,0.0012611749583771158,0.06683086161869733,0.002286034308836622,0.06613385268051099,0.003858976987359797,0.06553415794783801,0.006120510493075383,0.06501526813714997,0.009183845502375929,0.06456321172356613,0.013109391596107715,0.06416660277561537,0.01788243988426826,0.063816270285711,0.023398939818082963,0.06350483423319127
57,21.822727272727278,2.352941176470587,1.5585133830238511e-06,0.048698547965651456,9.124834305850107e-06,0.04833480279335382,3.401101250862508e-05,0.0453961885945377,9.956438523269638e-05,0.042729500876409296,0.0002474043500816803,0.04056724433239098,0.0005431916062524715,0.038831833152861664,0.0010798075315837702,0.03742495446112842,0.0019756537133470567,0.03626799096626321,0.003366335038398491,0.03530279990765805,0.00538926902146547,0.03448687541370907,0.008162512383510689,0.033788910225577125,0.011760854805479896,0.0331855322460974,0.016193480145964816,0.03265902902572195,0.021387827242844246,0.03219577596890176
58,22.22666666666667,2.745098039215687,1.2618669199046607e-06,0.037292194674295724,7.45608176807188e-06,0.03396100029355513,2.80470954064143e-05,0.029802073949920564,8.286192204917211e-05,0.026551204918909603,0.00020779781352218954,0.024088641783069752,0.0004604360801865669,0.0221951387345492,0.0009237305470439719,0.02070693333342207,0.0017056598792689049,0.019512211693294475,0.0029330644227091433,0.01853482037287445,0.004738891697902104,0.017721975353310528,0.007243582803935031,0.017036272810356537,0.010532976613870412,0.01645061573722126,0.014636427314132958,0.015944964638771153,0.01950941335035777,0.015504218069722362
59,22.630606060606066,3.137254901960784,1.0218527224117462e-06,0.02935796652473458,6.092511213768775e-06,0.024538169016081038,2.312514641285805e-05,0.02005726730156674,6.893861059931308e-05,0.016832756613620995,0.00017444535952107623,0.014512233470558746,0.00039003063470964354,0.01279542326149146,0.0007895608420844528,0.011487634346615637,0.0014711049409470167,0.010465060967756306,0.0025526057682990935,0.009647302593990242,0.004161499549047881,0.008980619593480696,0.00641855728560082,0.008428046313420746,0.009417725691589234,0.007963473326782813,0.01320507649162411,0.007568014997758083,0.017760736676100435,0.007227717743688972
60,23.03454545454546,3.5294117647058805,8.276224265340493e-07,0.023654295990515713,4.978310866821022e-06,0.018192572346930187,1.9063906403199767e-05,0.013846046494387266,5.73365639743232e-05,0.010922479495003395,0.00014637613952856848,0.00891977474262301,0.0003301804222685003,0.007496903790150399,0.000674341567886339,0.006450038139641673,0.0012675926574907976,0.0056560519815749355,0.0022190216424810465,0.005038066574880706,0.0036498025858524804,0.004546350256183405,0.005679350543149972,0.0041476544251585635,0.008407154356393656,0.0038190840150694166,0.011892841658044152,0.0035444552781156444,0.016137914930477452,0.003312060396561209
61,23.43848484848485,3.9215686274509807,6.704138565110936e-07,0.01943437980244688,4.067875826095914e-06,0.013803017921414536,1.5713485018049588e-05,0.009793375439681522,4.767242295773342e-05,0.00725888003959276,0.00012276676017081633,0.005606791554188092,0.0002793423407963494,0.0044821921067653,0.0005754933696322497,0.0036855625772797196,0.0010912268703825879,0.0031016040923439133,0.0019269560892184242,0.002660912448928577,0.003197088058465227,0.0023200053982572405,0.0050183256778713,0.002050637663241603,0.007493490001760909,0.0018338649437689846,0.010692904578686262,0.0016566179457280074,0.014636337655712163,0.0015096534567920965
62,23.842424242424247,4.313725490196077,5.431480420160226e-07,0.016233485891728402,3.323941428973523e-06,0.010689048230692938,1.294996604418807e-05,0.007084736683567239,3.962541085327834e-05,0.004937589197754806,0.00010291952811684031,0.0036062324742732335,0.00023619146408605584,0.002739326854788822,0.0004907702104383626,0.0021494391808239296,0.0009385628481965102,0.0017326316896568595,0.0016715930804021817,0.0014285344290919173,0.0027972017006099,0.0012005226289595835,0.0044283145981832825,0.0010254980711593832,0.0066692069637571795,0.0008883877594287613,0.00959834139352785,0.0007790563761066318,0.01325083848253576,0.0006905063501521771
63,24.24636363636364,4.7058823529411775,4.401044825482713e-07,0.013752662147871953,2.7160579859317605e-06,0.008428500491318183,1.0670933321859023e-05,0.005231754664357266,3.2927264792175455e-05,0.0034331753038308144,8.624377655372797e-05,0.002372239619516642,0.00019959160892547994,0.0017119965649911742,0.00041821959353899655,0.001281053932395482,0.000806561788129012,0.0009880704383881064,0.0014486149063998154,0.0007818415564919184,0.0024445238012714638,0.0006322987113050037,0.0039026270877363027,0.0005210451149356872,0.0059270813003373885,0.0004364126317347516,0.008602228682397961,0.0003707632037122226,0.011975847375855945,0.00031895564220474484
64,24.650303030303036,5.098039215686274,3.566593739552492e-07,0.011793621372402668,2.219344456145181e-06,0.006752981544481934,8.79176164659508e-06,0.003936093978617603,2.73537566863009e-05,0.002436351482966707,7.223986291958816e-05,0.0015943327970241187,0.00016856959783362373,0.0010936415571448793,0.00035614690236708026,0.0007803937472579495,0.0006925486113825236,0.0005757017535858447,0.0012541612952360374,0.0004368812378662568,0.002133941641724347,0.0003396801563484097,0.0034350506640495235,0.0002697137285521132,0.005260230811748764,0.00021812229379970793,0.007697730890296765,0.00017926559542918112,0.01080552362657864,0.00014944651275462928
65,25.054242424242428,5.490196078431371,2.890745189458399e-07,0.010221157935877833,1.8134700512782454e-06,0.005487638920051096,7.242543076340329e-06,0.003011604580458895,2.2717559146914238e-05,0.0017617764733814834,6.048547666754971e-05,0.001093339574342906,0.00014229280853846396,0.0007134634876831177,0.0003030835591149299,0.00048570242398109613,0.0005941730867248314,0.0003427279108609666,0.0010847898521239513,0.0002493757663259304,0.001860819569595542,0.00018632065353889522,0.003019843103830171,0.00014245604726638553,0.004662142460442125,0.00011114383448598657,0.006878171018776171,8.827752450799889e-05,0.009733870618355912,7.123819620116818e-05
66,25.458181818181824,5.882352941176471,2.3432705395267845e-07,0.008940767529119984,1.4818220838937603e-06,0.0045158698842834525,5.965540744446185e-06,0.0023395824582299,1.886224801698223e-05,0.0012961479847597142,5.062394030529432e-05,0.0007639941051688274,0.00012004963487899318,0.00047479505117045787,0.0002577586953289927,0.00030859098044358854,0.0005093742386592925,0.00020837210339385537,0.0009374382472718336,0.00014539434022211608,0.0016209677476607745,0.00010438009269479413,0.0026517192602626663,7.682483216741634e-05,0.004126689164135666,5.77984946803832e-05,0.00613708645986742,4.4339279572388816e-05,0.008754833587307234,3.461070691296538e-05
67,25.862121212121217,6.274509803921568,1.8997205821304515e-07,0.007884915514747858,1.2108260000034286e-06,0.003758201078361865,4.913080396421917e-06,0.0018427052574363939,1.5657264389438263e-05,0.0009687704356874249,4.2354226912386804e-05,0.0005432391374987468,0.00010123251737247046,0.00032192295603278087,0.00021907403005076644,0.00019994686306540525,0.00043634793914916703,0.00012928094367596475,0.000809388445657259,8.654192561478099e-05,0.00141061041161688,5.971024768655014e-05,0.002325833565475377,4.230628152954314e-05,0.003648137744831595,3.06879245349423e-05,0.005468271780867665,2.273120469633746e-05,0.007862381712945789,1.7156344365426274e-05
68,26.26606060606061,6.666666666666668,1.540316627315512e-07,0.007004374023604195,9.893897642771364e-07,0.003159361645263635,4.045804988559212e-06,0.0014695733710764101,1.2993685755759646e-05,0.0007346344604054993,3.5422453009932905e-05,0.0003925467316727377,8.532323438922233e-05,0.00022211522350946966,0.00018608165951484586,0.000131974285476669,0.0003735175409287377,8.177683773606469e-05,0.0006982331637847538,5.254973259408793e-05,0.0012263542959326185,3.4859885013162154e-05,0.002037759399681309,2.3782696539479368e-05,0.003221149626146892,1.6634621804206005e-05,0.004865810172054458,1.1896895818339887e-05,0.007050575941796976,8.680552524857213e-06
69,26.670000000000005,7.0588235294117645,1.2490552288950742e-07,0.006262615365723707,8.084498562581198e-07,0.002680192729519301,3.3312302954631596e-06,0.0011853600313972048,1.0780678833202036e-05,0.0005645221888167666,2.961463732666753e-05,0.00028791259778807504,7.188017612037461e-05,0.00015576514835824855,0.00015796447550044457,8.863895863810481e-05,0.00031950738285506505,5.268541253907143e-05,0.0006018446516566942,3.252372063909851e-05,0.0010651577375930738,2.0755646272373433e-05,0.001783466317742668,1.364053396262602e-05,0.0028407756861607318,9.20223019801454e-06,0.0043240951540179234,6.355447540853642e-06,0.006313623962492218,4.483208304284897e-06
70,27.073939393939398,7.450980392156861,1.0129851960286138e-07,0.005632097835824519,6.606002949315931e-07,0.002292474053358961,2.742549980423652e-06,0.0009660426132453166,8.942526174298224e-06,0.00043911339047665533,2.475054398494657e-05,0.00021409639565195143,6.052735291791673e-05,0.00011090198534178889,0.00013401894556309488,6.051286354470764e-05,0.0002731189807625429,3.4535819616499244e-05,0.0005183458299735564,2.0497875887176218e-05,0.0009243008415624484,1.25927216872797e-05,0.0015592959539783616,7.97644043878324e-06,0.0025024464966228936,5.192312357516159e-06,0.0038378440141113787,3.46399049635441e-06,0.0056459237321786725,2.3628375681776075e-06
71,27.477878787878794,7.843137254901961,8.216235864676072e-08,0.005091752289125157,5.397895073957149e-07,0.001975547958780055,2.2576473318219164e-06,0.0007947732978171275,7.41613532759413e-06,0.00034540821628665445,2.0678453243193585e-05,0.00016124600467646197,5.094491690153432e-05,8.008082402735855e-05,0.00011364000634745819,4.1947455083223604e-05,0.00023330970857981978,2.3010720039606388e-05,0.0004460837599813198,1.3142618187956783e-05,0.0008013569865489515,7.778447331197465e-06,0.0013619372762230994,4.7517033388765535e-06,0.0022019590142211888,2.9861705136977726e-06,0.0034021043084320234,1.925183059891618e-06,0.005042096907387249,1.270225916968393e-06
72,27.881818181818186,8.235294117647058,6.664838489325258e-08,0.004625247981653957,4.4107263428436933e-07,0.001714074079862763,1.8582781497055112e-06,0.0006595524097679546,6.14895349704618e-06,0.00027451539051129574,1.7270724500444856e-05,0.0001228826613068144,4.286100085327421e-05,5.8588780649249496e-05,9.630784007793523e-05,2.949652288720121e-05,0.00019917377214695754,1.5568587783932536e-05,0.0003836053837909443,8.564655024931529e-06,0.0006941658626985446,4.887274346128035e-06,0.001188401729380633,2.8812997429564984e-06,0.001935460637178582,1.7491300460584638e-06,0.003012254631413558,1.090273278695742e-06,0.004497013465323252,6.961018868323082e-07
73,28.285757575757582,8.627450980392158,5.4069448836045093e-08,0.004219774690057846,3.6040913365130196e-07,0.0014965092462589124,1.529395322031199e-06,0.0005517099784259706,5.097222691274769e-06,0.0002202598906285929,1.4420035105490764e-05,9.467655444178796e-05,3.604470133876218e-05,4.339171192964167e-05,8.157632344556504e-05,2.102051821997063e-05,0.000169925280659802,1.0686245890220998e-05,0.00032963544412897676,5.667563276954434e-06,0.0006008081618419658,3.120727944588529e-06,0.0010359986956677144,1.77688001147996e-06,0.001699431401539841,1.0426447457737114e-06,0.002664000723132547,6.28702732256222e-07,0.004005808720048814,3.886129261635998e-07
74,28.689696969696975,9.019607843137255,4.386908180436987e-08,0.0038651734303950017,2.9449739911893114e-07,0.001314061229486003,1.2585906633062225e-06,0.0004648979019609334,4.224520569543016e-06,0.0001782912902095145,1.2036194913048497e-05,7.36896793951509e-05,3.0300053745610225e-05,3.250476080197199e-05,6.906295694471379e-05,1.5168814529545049e-05,0.0001448832266878484,7.434979386424864e-06,0.00028305647236786705,3.805069849639541e-06,0.0005195819837082849,2.0234226020296745e-06,0.0009023116019494999,1.113509886888003e-06,0.0014906649663504721,6.319854634622955e-07,0.002353367857470278,3.6886666441015534e-07,0.003563893847328223,2.208527419027499e-07
75,29.093636363636367,9.411764705882351,3.559657365652975e-08,0.0035533066981001797,2.406396231115652e-07,0.001159957478085196,1.0356337697544744e-06,0.00039441030710065604,3.5005408447451918e-06,0.00014550331392043045,1.004345076771287e-05,5.789971704649581e-05,2.5460865603268266e-05,2.460969956700972e-05,5.844010089438449e-05,1.1075191467319892e-05,0.00012345819422748407,5.2391279198850585e-06,0.00024289072063934895,2.5897033349699056e-06,0.00044898097612070144,1.3310680308525437e-06,0.0007851749224869779,7.085037821273411e-07,0.00130624892534462,3.8921381137926343e-07,0.002076690334243868,2.2002553389202314e-07,0.0031669609361972624,1.2767611765053942e-07
76,29.497575757575763,9.803921568627452,2.8886818500595407e-08,0.00327759594761715,1.9663137394259448e-07,0.0010289266546546453,8.520911171166547e-07,0.00033671834314544875,2.900074424593946e-06,0.00011965008154931975,8.37820742650197e-06,4.5895796593974845e-05,2.1386291260516974e-05,1.881844244609702e-05,4.942736165518513e-05,8.175686327965833e-06,0.00010514062443844657,3.736223905037561e-06,0.00020828390641727416,1.7853405692828764e-06,0.00038767419182148753,8.876791752972462e-07,0.0006826522565141505,4.573638872299474e-07,0.00114354488425113,2.433565387229838e-07,0.0018305987866005706,1.3332953637654678e-07,0.0028109834879488215,7.502697760625478e-08
77,29.901515151515156,10.196078431372548,2.3444012960590855e-08,0.0030326775871298635,1.6067136707834333e-07,0.0009168261270569811,7.010115087534262e-07,0.0002891472669455913,2.402158658553868e-06,9.908864774649201e-05,6.987102083459028e-06,3.668110438531487e-05,1.7957045881272944e-05,1.452456906028942e-05,4.17849877627466e-05,6.097856678162302e-06,8.949047991588932e-05,2.694602705396271e-06,0.00017849063495623462,1.2458324277004386e-06,0.00033448761764016575,5.996969540772405e-07,0.0005930156028386007,2.993149658071498e-07,0.001000168656686163,1.5436435838112136e-07,0.0016120059121239399,8.201777378535751e-08,0.002492213186830987,4.478272080405514e-08
78,30.305454545454552,10.588235294117645,1.9028468004867055e-08,0.0028141441190344023,1.3128773746126776e-07,0.0008203709884971991,5.766663721911369e-07,0.0002496493353608302,1.98936728000401e-06,8.260386887561704e-05,5.825378843443563e-06,2.954294890731091e-05,1.5072169919594023e-05,1.1308690873724785e-05,3.530815075000627e-05,4.5924004337145126e-06,7.612816006660406e-05,1.964083464497104e-06,0.0001528613653769103,8.793672674907752e-07,0.0002883873118159447,4.101328941285829e-07,0.0005147259066873415,1.984421590256061e-07,0.0008739708569723946,9.926363635037187e-08,0.0014180911425891916,5.1180917690803573e-08,0.002207173673335738,2.713197567594395e-08
79,30.709393939393944,10.980392156862745,1.5445937663907238e-08,0.0026183472347147533,1.0727779517363723e-07,0.0007369346419364139,4.743353844842501e-07,0.0002166421001270766,1.6472180364684216e-06,6.928770825669865e-05,4.85551739384025e-06,2.396604882725596e-05,1.2646266896495924e-05,8.877264572453645e-06,2.9821999285403876e-05,3.4902977618596424e-06,6.472653199786846e-05,1.4459878233921578e-06,0.00013083078915939904,6.274478140812019e-07,0.000248464071181666,2.837591938678177e-07,0.0004464149159664189,1.33194911184987e-07,0.0007630181041703399,6.466624214231614e-08,0.001246284683166749,3.237650020448285e-08,0.0019526519619880456,1.66737640972746e-08
80,31.113333333333337,11.372549019607842,1.2538982745594147e-08,0.0024422465242404596,8.765879860418881e-08,0.0006644004550328253,3.9012954982458606e-07,0.00018889193128954174,1.3636787102858285e-06,5.845502918639389e-05,4.046076908958537e-06,1.9573909706846843e-05,1.0607147568173273e-05,7.022488370550273e-06,2.5177387912145974e-05,2.675564573219868e-06,5.5003953000738466e-05,1.0746432211774621e-06,0.00011190749465331932,4.5229834091597604e-07,0.00021391954054537205,1.9849134556131768e-07,0.00038686835373854904,9.045148663446641e-08,0.0006655749971501671,4.26510887017536e-08,0.0010942512769077648,2.0748691100774653e-08,0.0017256880620554608,1.0386821679306019e-08
81,31.517272727272733,11.764705882352942,1.0179980260336434e-08,0.0022832921419522825,7.162773023338582e-08,0.0006010502850048546,3.2084521422327695e-07,0.00016542920205089398,1.1287553543005679e-06,4.9584159573900804e-05,3.370722039971758e-06,1.6088700486800315e-05,8.893822585965092e-06,5.595674403831413e-06,2.1247193164323748e-05,2.0676946486776647e-06,4.671817200497326e-05,8.05809370499596e-07,9.56647973784338e-05,3.292104333355679e-07,0.00018405367105004755,1.4029767348928938e-07,0.0003350103899305981,6.210990820737438e-08,0.0005800869746940086,2.8463214673256737e-08,0.0009598739841738769,1.3462385449007773e-08,0.0015235632822474686,6.55476146568416e-09
82,31.921212121212125,12.156862745098039,8.265464002448367e-09,0.0021393330093825076,5.8528428635588533e-08,0.0005454799120884146,2.638436297023974e-07,0.0001454858939081564,9.341491927989241e-07,4.227447922100278e-05,2.8074028235202605e-06,1.330347035515851e-05,7.454793634048375e-06,4.489350258281015e-06,1.7923140207856008e-05,1.6101983164400212e-06,3.9661008152053365e-05,6.093384019631215e-07,8.173262292188539e-05,2.418249327992933e-07,0.00015825343177035237,1.0014837052706864e-07,0.00028988937705694924,4.310044088646422e-08,0.0005051641364451194,1.9208370722255698e-08,0.0008412382087928142,8.838318734228476e-09,0.0013437876296244645,4.187915614021285e-09
83,32.32515151515152,12.549019607843135,6.71154206294879e-09,0.00200854440907237,4.782473139089537e-08,0.0004965343129412255,2.1695161408513285e-07,0.00012844925128242414,7.72970844191056e-07,3.62158397873232e-05,2.337664598919537e-06,1.1062697416321456e-05,6.246599913817621e-06,3.625086848881587e-06,1.511307247033596e-05,1.2630283785505242e-06,3.3653714778114556e-05,4.6445975794704137e-07,6.979033678043937e-05,1.7918452106837412e-07,0.0001359826786562807,7.216130856662686e-08,0.00025066480119123906,3.0210072979647536e-08,0.0004395660691000434,1.3101345008168506e-08,0.0007366161525474688,5.868044626877065e-09,0.0011840866487148748,2.7074508924019578e-09
84,32.729090909090914,12.941176470588232,5.450185761995995e-09,0.0018893704349466117,3.907852962962579e-08,0.00045325770326624725,1.783796252758e-07,0.00011382704332173816,6.395023744208119e-07,3.1166299675647266e-05,1.9460676573270756e-06,9.24852761575027e-06,5.232582837249555e-06,2.9451283669628844e-06,1.2738605054379883e-05,9.975160495063991e-07,2.8542946561614913e-05,3.56713858299099e-07,5.956042326854338e-05,1.3386871693150526e-07,0.00011677308660355235,5.246007157301751e-08,0.0002165953897488989,2.1377595768741475e-08,0.0003821876967182816,9.026927693049787e-09,0.0006444518365074268,3.937917101961574e-09,0.001042387989185722,1.7701606025197073e-09
85,33.1330303030303,13.333333333333336,4.4262238329646616e-09,0.0017804779214755228,3.193183596853978e-08,0.0004148546747347948,1.466542083856134e-07,0.00010122130171026452,5.289992443885099e-07,2.6935762326601217e-05,1.6196994435024846e-06,7.770942435714646e-06,4.381836998651159e-06,2.4065757840053035e-06,1.0733110148673823e-05,7.929472304087772e-07,2.4197256343208015e-05,2.759345469793755e-07,5.080292340025313e-05,1.0079925564927617e-07,0.00010021605345871292,3.8461614888810756e-08,0.00018702831116701232,1.5265256108777172e-08,0.0003320461536097644,6.279946298472404e-09,0.0005633467910382931,2.6697795000364114e-09,0.0009168079391297465,1.1698616790346928e-09
86,33.5369696969697,13.725490196078432,3.5949074744862695e-09,0.0016807193123116674,2.6092131868460245e-08,0.0003806597370412066,1.2056230303525632e-07,9.030830485054573e-05,4.3752551790094354e-07,2.33738469006328e-05,1.3477647678300883e-06,6.5606673921330824e-06,3.668320008873729e-06,1.9773042213839474e-06,9.039989235472223e-06,6.342231403345811e-07,2.0504056162730993e-05,2.149067183009457e-07,4.3310549292994814e-05,7.646588483526135e-08,8.595548877430925e-05,2.842646631099727e-08,0.00016138939768869793,1.0995148008818317e-08,0.0002882686622312236,4.409297478349641e-09,0.0004920464854270958,1.8277569819416966e-09,0.0008056381158195432,7.811214066715286e-10
87,33.940909090909095,14.117647058823529,2.9199375700901456e-09,0.0015891025429203396,2.132039467169577e-08,0.00035011327922841197,9.910533561755991e-08,8.082320532586267e-05,3.618167886671634e-07,2.0360821547110277e-05,1.1212417288732138e-06,5.564011486232219e-06,3.070097682929218e-06,1.6330699284725324e-06,7.611192717723884e-06,5.102456602154406e-07,1.73669843927519e-05,1.6846361945130004e-07,3.69044000150937e-05,5.841898834200336e-08,7.368140480720357e-05,2.1171372277079943e-08,0.00013917432066298197,7.985002677005253e-09,0.0002500813862251769,3.123184911449878e-09,0.0004294275423101195,1.2630076306589833e-09,0.0007073324662664395,5.26706509399923e-10
88,34.344848484848484,14.509803921568626,2.3718661331636204e-09,0.0015047664652809427,1.7421314258584553e-08,0.0003227424710885885,8.146138296984828e-08,7.254813741429575e-05,2.991661993090079e-07,1.7800772351360418e-05,9.325929518218856e-07,4.739079850487249e-06,2.5687044467639643e-06,1.3554415839536589e-06,6.405952725672046e-06,4.1279211216080573e-07,1.4703627504410822e-05,1.3287362429325018e-07,3.143021082347265e-05,4.493350935088447e-08,6.312423235208004e-05,1.5883660605289882e-08,0.00011994064761989024,5.844699078392881e-09,0.00021679921958545612,2.2308435684458866e-09,0.00037448576087997565,8.805604854844073e-10,0.0006204946956913235,3.5850881201724154e-10
89,34.74878787878788,14.901960784313722,1.926800815933751e-09,0.001426960680805514,1.423529888493479e-08,0.0002981459938028678,6.695399283755734e-08,6.530295322246237e-05,2.4732969067187195e-07,1.5616418010878255e-05,7.755233649167202e-07,4.0529716787191225e-06,2.148601739320775e-06,1.1303082240601442e-06,5.389699380506979e-06,3.3572389194762094e-07,1.2443551012608704e-05,1.0541959413703092e-07,2.6755074357667353e-05,3.478405654528425e-08,5.4049789324502e-05,1.2000025859224305e-08,0.00010330071150397549,4.310310428353496e-09,0.00018781646641302918,1.606283554923066e-09,0.0003263249556163195,6.191696774666414e-10,0.0005438662126274865,2.4622787655918275e-10
90,35.152727272727276,15.294117647058826,1.5653548898771197e-09,0.00135502890169417,1.1631942994402425e-08,0.0002759817591270798,5.5026493528880524e-08,5.893795905516366e-05,2.0444725986706916e-07,1.3745145633115393e-05,6.447771065984102e-07,3.4796911358826257e-06,1.7967196919408705e-06,9.467941824134359e-07,4.533134755990427e-06,2.7442500808493014e-07,1.052659955272267e-05,8.410765756944053e-08,2.2764578538264612e-05,2.7092935668618873e-08,4.62548353982591e-05,9.126566351144844e-09,8.891522453713304e-05,3.2016203632473393e-09,0.00016259836137998978,1.165480788113759e-09,0.000284146603504286,4.3893348349646556e-10,0.0004763146543819266,1.7057517867574218e-10
91,35.55666666666667,15.686274509803923,1.2717960785030676e-09,0.001288395153390735,9.504689639373698e-09,0.00025595697618382236,4.522082923130743e-08,5.3328184593787875e-05,1.6897754063866516e-07,1.213595948017063e-05,5.359673171226178e-07,2.9985783918299805e-06,1.5020695216605348e-06,7.964638008149835e-07,3.8114422478313074e-06,2.2540039237319042e-07,8.90143088197384e-06,6.746379761928997e-08,1.9360311646484082e-05,2.1226496143380447e-08,3.956315134083957e-05,6.9855145283559826e-09,7.648757197520211e-05,2.394475075157829e-09,0.00014067337845091182,8.518731098271638e-10,0.0002472402818968129,3.136004374815152e-10,0.00041682303553774346,1.191461086659011e-10
92,35.96060606060606,16.07843137254902,1.0333564999068747e-09,0.001226552277647055,7.766469039978223e-09,0.0002378200737868982,3.716012601331794e-08,4.836883457339551e-05,1.3964346681427482e-07,1.0747117199088818e-05,4.454335509091346e-07,2.5931230298326954e-06,1.2554159247613622e-06,6.727341438927677e-07,3.203612090084062e-06,1.8598621245695142e-07,7.524252918759148e-06,5.439056266577302e-08,1.6457690334643957e-05,1.6723797364056904e-08,3.3822086888982855e-05,5.379415074606092e-09,6.575872431017507e-05,1.8026127057674886e-09,0.00012162627427623041,6.270425240159569e-10,0.00021497487090601887,2.257368210254433e-10,0.0003644795446555619,8.388457717198725e-11
93,36.36454545454546,16.470588235294116,8.39673157960027e-10,0.0011690523085452294,6.346134764786982e-09,0.00022135409799553193,3.053433271959933e-08,4.3971658542588946e-05,1.1538715305738338e-07,9.544287329116385e-06,3.7012237670202744e-07,2.2500606417100026e-06,1.0490003430564521e-06,5.704382006011158e-07,2.69186639826505e-06,1.5413935555148038e-07,6.357736776151698e-06,4.406530858443284e-08,1.3984071142467556e-05,1.3247095168291193e-08,2.889952599805044e-05,4.166818120117277e-09,5.650271007776203e-05,1.365608161412823e-09,0.00010509181267709253,4.6466991178903933e-10,0.0001867904880843439,1.6366009027907944e-10,0.00031846799991639167,5.95091196183723e-11
94,36.76848484848485,16.862745098039213,6.823342322057004e-10,0.0011154983811178375,5.1855516638936914e-09,0.00020637128911325358,2.5088395878457843e-08,4.006203776204881e-05,9.533243889245515e-08,8.499104663946114e-06,3.0748743457662257e-07,1.958680633282691e-06,8.763073337465863e-07,4.854977809748784e-07,2.261169415866003e-06,1.2828332383006655e-07,5.370082153912923e-06,3.586737150296533e-08,1.1877110486732353e-05,1.0547190805228134e-08,2.4681223038908275e-05,3.2456429380921987e-09,4.852259521946663e-05,1.0408024252510732e-09,9.074911753481749e-05,3.4657561521485537e-10,0.0001621911188305563,1.1947363727164252e-10,0.00027805896275769196,4.2525810357499634e-11
95,37.17242424242424,17.254901960784316,5.545111197373365e-10,0.0010655379001623417,4.237216361700339e-09,0.00019270860668895836,2.0612522590018005e-08,3.6576635539016084e-05,7.875380210203311e-08,7.588031180297926e-06,2.5540581147423425e-07,1.7102926224339465e-06,7.318674356101725e-07,4.1467695061191376e-07,1.8988106356201692e-06,1.0719463265005998e-07,4.534214467619415e-06,2.9325556783592365e-08,1.0083342071900018e-05,8.438989565558481e-09,2.1068467974560818e-05,2.5416968056429246e-09,4.1646918808683644e-05,7.978522201024335e-10,7.831660296883036e-05,2.6010249378136315e-10,0.00014073790312238045,8.77953546059444e-11,0.0002426014992319053,3.0603068864391374e-11
96,37.57636363636364,17.647058823529413,4.5065998945396374e-10,0.0010188567500705016,3.462312914722715e-09,0.00018022402037825525,1.6934163640081997e-08,3.3461492698836445e-05,6.505056455324927e-08,6.791453064080501e-06,2.121080969391358e-07,1.497812690613586e-06,6.110909171009099e-07,3.553950041437731e-07,1.5940501961604078e-06,8.991850282244249e-08,3.827095752643797e-06,2.4080005670491494e-08,8.556944260791463e-06,6.784130220486706e-09,1.7976042709065748e-05,2.000688278849829e-09,3.5726538795510564e-05,6.150183820388661e-10,6.754743175786593e-05,1.9637109126528009e-10,0.00012204303756806905,6.492752913197392e-11,0.00021151557153633525,2.2171903772085294e-11
97,37.980303030303034,18.03921568627451,3.662796913419033e-10,0.0009751743684212854,2.8291240513017448e-09,0.00016879342253175373,1.3911413671011418e-08,3.0670476602171536e-05,5.37254943893794e-08,6.092961209102342e-06,1.761199022683044e-07,1.3154407723975892e-06,5.101276393403677e-07,3.0558374546021915e-07,1.3378174515635092e-06,7.57058892574335e-08,3.2291337210467223e-06,1.9854312752188505e-08,7.258673172801401e-06,5.4785498897938405e-09,1.533043465634056e-05,1.582628684443072e-09,3.0631845188992014e-05,4.76617899740033e-10,5.8225455383407414e-05,1.4910645507672805e-10,0.0001057642511504773,4.831009709771082e-11,0.0001842850366282669,1.6167958396448744e-11
98,38.38424242424243,18.431372549019606,2.9771535923361777e-10,0.0009342395392964348,2.3117329642907238e-09,0.0001583080478528767,1.1427578522243677e-08,2.8164012390883357e-05,4.436705926072373e-08,5.47877507945515e-06,1.4621298143995547e-07,1.158407758961752e-06,4.257489895785877e-07,2.635779488040294e-07,1.1224549050324996e-06,6.396615501701942e-08,2.723675404643466e-06,1.6435004228752622e-08,6.154940169292501e-06,4.44351984131333e-09,1.3068277127097657e-05,1.2578787526879834e-09,2.6250301729425683e-05,3.712612265680663e-10,5.0161591731369866e-05,1.1384291196337035e-10,9.159981320834421e-05,3.6157477949188155e-11,0.00016045122478356482,1.1863586473641335e-11
99,38.78818181818182,18.823529411764703,2.4199906673314264e-10,0.0008958267887224098,1.888962520300037e-09,0.0001486723084557588,9.386703800275468e-09,2.5908040629477813e-05,3.6634710842564396e-08,4.937279187034209e-06,1.2136439122616774e-07,1.0227762311953697e-06,3.552484562544754e-07,2.2803082012583534e-07,9.415008146267061e-07,5.423129217922137e-08,2.2965736186378344e-06,1.3656338095981676e-08,5.217014968529575e-06,3.61913999649049e-09,1.1134989384820503e-05,1.0043371615796964e-09,2.2484280571944526e-05,2.9062375026855647e-10,4.3190599280194166e-05,8.738082107741796e-11,7.928403298869093e-05,2.7215375785397826e-11,0.0001396070681430337,8.757605004348441e-12
100,39.192121212121215,19.215686274509807,1.9672053315146684e-10,0.0008597332858055593,1.5435084666853076e-09,0.0001398019706788688,7.709894980185446e-09,2.387315740278254e-05,3.024668545913289e-08,4.458648479140627e-06,1.0072237953205075e-07,9.052826745798514e-07,2.9635794069481025e-07,1.9784840524070485e-07,7.895047414786805e-07,4.612871775473849e-08,1.9358160556476084e-06,1.1388977550195893e-08,4.42033793222527e-06,2.959587265467235e-09,9.48359218716392e-06,8.054275122792326e-10,1.9249157782034455e-05,2.285834025409983e-10,3.7168209452565406e-05,6.741266710601088e-11,6.858321136588557e-05,2.0596636134456937e-11,0.00012139174750853789,6.502319484194865e-12
101,39.59606060606061,19.607843137254903,1.599222025402158e-10,0.0008257761701454912,1.2612311579113878e-09,0.00013162261421688514,6.332289224037122e-09,2.203390211738475e-05,2.4969892683455576e-08,4.034544262623509e-06,8.357790263002592e-08,8.032119480455606e-07,2.471773460052346e-07,1.7213843785839208e-07,6.618711395731874e-07,3.936047590428049e-08,1.631208195478079e-06,9.531501196260595e-09,3.7439271079917625e-06,2.42962331548876e-09,8.0736773211566e-06,6.486475178145901e-10,1.647164051919053e-05,1.8061110034008776e-10,3.1968581652229415e-05,5.2263839452950515e-11,5.9292006934464946e-05,1.5669618973090163e-11,0.00010548582471595582,4.854837967587783e-12
102,40.0,20.0,1.3001409344135943e-10,0.0007937902398598273,1.0305768112192806e-09,0.0001240683253865215,5.200563737654403e-09,2.0368165388191246e-05,2.0611536224385603e-08,3.657866349659307e-06,6.93408498353918e-08,7.142969583123891e-07,2.061153622438555e-07,1.5017025216488752e-07,5.547267986831345e-07,3.36872538179281e-08,1.374102414959039e-06,8.004003688365933e-09,3.1698674210464807e-06,2.002012593486804e-09,6.87051207479519e-06,5.245167680439586e-10,1.4088299649095453e-05,1.433370230046097e-10,2.7482048299180768e-05,4.07116632622012e-11,5.1230180542165435e-05,1.1981730099717056e-11,9.160682766393589e-05,3.6443415388695484e-12
